Akustyka i elektroakustyka;2L;lic. Maciej Michaluk;3;zst;zst;1;1;1;1;2;I;KiTM;czwartek, 13:50-14:35, sala 001E;
Analiza i interpretacja dzieła muzycznego 1;1L;prof. dr hab. Anna Granat-Janki;5;zst;egz;2;2;2;2;4;I;KiTM;czwartek, 10:00-11:30, sala 202B;
Analiza i interpretacja dzieła muzycznego 2;2L;prof. dr hab. Anna Granat-Janki;5;zst;egz;2;2;2;2;4;I;KiTM;czwartek, 12:00-13:30, sala 202B;"Kontynuacja ""Analizy i interpretacji dzieła muzycznego 1"""
Analiza współczesnego dzieła muzycznego;1M;dr hab. Paweł Hendrich;0;zal;zst;2;2;2;2;4;I;KiTM;wtorek, 14:10-15:40, sala 005D;
Audiacja, projektowanie i przestrzenna dystrybucja dźwięku;2M;dr hab. Paweł Hendrich;1;zst;egz;1;1;1;1;2;I;KiTM;wtorek, 16:15-17:45, sala 112 SKK, realizacja w podwójnym wymiarze godzin w ustalonych przez prowadzącego terminach;"Wymagania wstępne: ukończony kurs ""Propedeutyka kompozycji komputerowej"" i ""Komputer w pracy twórczej"" lub wiedza i umiejętności adekwatne do poziomu zaliczenia tych kursów"
Edytorstwo muzyczne poziom 1;1L;dr Grzegorz Wierzba;2;zal;zst;1;1;1;1;2;I;;środa, 14:00-14:45, sala 404B;
Edytorstwo muzyczne poziom 2;2L;dr Grzegorz Wierzba;2;zal;zst;1;1;1;1;2;I;;wtorek, 11:20-12:05, sala 404B;Ukończony kurs Edytorstwa muzycznego poziom 1 lub znajomość przynajmniej jednego z profesjonalnych programów do edycji nut w stopniu podstawowym.
Estetyka muzyki;1M;mgr Jan Bielak;2;zal;zst;2;2;2;2;4;I;KiTM;poniedziałek, 13:40-15:10, sala 301B;
Etnomuzykologia 1;1M;dr Agnieszka Zwierzycka;5;zal;zst;1;1;1;1;2;I;KiTM;czwartek, 16:25-17:55, sala 001F, co dwa tygodnie;
Etnomuzykologia 2;2M;dr Agnieszka Zwierzycka;5;zal;zst;1;1;1;1;2;I;KiTM;czwartek, 16:25-17:55, sala 001F, co dwa tygodnie;
Formy muzyczne;1L;mgr Aleksandra Ferenc;5;zst;zst;2;2;2;2;4;I;KiTM;wtorek, 12:00-13:30, sala 301B;
Fuga (grupa 1);3L;prof. dr hab. Krystian Kiełb;2;zst;egz;2;2;2;2;4;I;KiTM;wtorek, 14:00-15:30, sala 203B;Polifonia XX i XXI wieku
Fuga (grupa 2);3L;prof. dr hab. Krystian Kiełb;2;zst;egz;2;2;2;2;4;I;KiTM;wtorek, 15:45-17:15, sala 203B;Polifonia XX i XXI wieku
Harmonia XX i XXI wieku (grupa 1);2L;dr hab. Adam Porębski;2;zst;zst;2;2;2;2;4;I;KiTM;wtorek, 10:35-12:05, sala 002E;rekomendowane ukończenie kursu Harmonia systemu funkcyjnego (na roku 1)
Harmonia XX i XXI wieku (grupa 2);2L;dr hab. Adam Porębski;2;zst;zst;2;2;2;2;4;I;KiTM;wtorek, 12:15-13:45, sala 002E;j.w.
Harmonia systemu funkcyjnego (grupa 1);1L;dr Katarzyna Dziewiątkowska;3;zst;zst;2;2;2;2;4;I;KiTM;poniedziałek,10:25-11:55, sala 203B;
Harmonia systemu funkcyjnego (grupa 2);1L;dr Katarzyna Dziewiątkowska;3;zst;zst;2;2;2;2;4;I;KiTM;poniedziałek,12:10-13:40, sala 203B;
Historia i literatura muzyki elektroakustycznej;3L;dr Marta Śniady;3;zst;egz;2;2;2;2;4;I;KiTM;środa, 17:50-19:20, sala 301B;
Historia muzyki 1;1L;dr Miłosz Kula;20;zst;zst;2;2;2;2;4;I;KiTM;poniedziałek, 08:50-10:20, sala 001E; Od starożytności do XVIII w.
Historia muzyki 2;2L;dr hab. Tomasz Kienik;8;zst;egz;2;2;2;2;4;I;KiTM;poniedziałek, 10:25-11:55, sala 301B; Od klasycyzmu do XX w.
Historia muzyki teatralnej i filmowej;1M;dr Katarzyna Dziewiątkowska;15;zal;zst;2;2;2;2;4;I;KiTM;wtorek, 09:00-12:00, sala 301B,  realizacja w podwójnym wymiarze godzin w ustalonych przez prowadzącego terminach;
Historia śląskiej kultury muzycznej;3L;dr Miłosz Kula;15;zst;egz;1;1;1;1;2;I;KiTM;poniedziałek, 12:50-13:35, sala 001E;
Historia teorii muzyki (wykład);1M;dr hab. Tomasz Kienik;4;zst;egz;1;1;1;1;2;I;KiTM;poniedziałek, 12:00-13:30, sala 217A, realizacja w podwójnym wymiarze godzin w ustalonych przez prowadzącego terminach;
Komputer w pracy twórczej (grupa 1);1M;dr hab. Paweł Hendrich;1;zal;zst;1;1;2;2;4;I;KiTM;wtorek, 16:00-17:30, sala 112 SKK, realizacja w podwójnym wymiarze godzin w ustalonych przez prowadzącego terminach;"Wymagania wstępne: ukończony kurs ""Propedeutyka kompozycji komputerowej"" lub wiedza i umiejętności adekwatne do poziomu zaliczenia tego kursu"
Komputer w pracy twórczej (grupa 2);1M;dr hab. Paweł Hendrich;1;zal;zst;1;1;2;2;4;I;KiTM;wtorek, 17:30-19:00, sala 112 SKK, realizacja w podwójnym wymiarze godzin w ustalonych przez prowadzącego terminach;"Wymagania wstępne: ukończony kurs ""Propedeutyka kompozycji komputerowej"" lub wiedza i umiejętności adekwatne do poziomu zaliczenia tego kursu"
Kontrapunkt;2L;dr Katarzyna Dziewiątkowska;2;zst;egz;2;2;2;2;4;I;KiTM;poniedziałek, 08:50-10:20, sala 203B;"Kontynuacja ""Kontrapunktu 1"""
Kontrapunkt 1 (grupa 1);1L;dr Michał Ziółkowski;2;zst;zst;2;2;2;2;4;I;KiTM;wtorek, 15:25-17:05, sala 301B;
Kontrapunkt 1 (grupa 2);1L;dr Michał Ziółkowski;2;zst;zst;2;2;2;2;4;I;KiTM;wtorek, 17:10-18:40, sala 301B;
Krytyka i prelekcja;2L;mgr Joanna Kołodziejska;10;zal;zst;2;2;2;2;4;I;KiTM;środa, 15:05-16:35, sala 002E;
Kształcenie słuchu 1 (grupa 1);1L;mgr Jan Przegendza;2;zst;zst;2;2;2;2;4;I;KiTM;poniedziałek, 15:45-17:15, sala 002E, (stacjonarnie);po semestrze zimowym zmiana prowadzących - wymiana z gr. 2
Kształcenie słuchu 1 (grupa 2);1L;mgr Urszula Koza;5;zst;zst;2;2;2;2;4;I;KiTM;poniedziałek, 15:45-17:15, sala 301B, (stacjonarnie);po semestrze zimowym zmiana prowadzących - wymiana z gr. 1
Kształcenie słuchu 2 (grupa 1);2L;dr hab. Michał Moc;2;zst;egz;2;2;2;2;4;I;KiTM;poniedziałek, 15:15-16:00, sala 301F, stacjonarnie. e-learning: realizowany indywidualnie wt-sb;"Kontynuacja ""Kształcenia słuchu 1"". Zapis tylko po wcześniejszym ustaleniu z prowadzącym"
Kształcenie słuchu 2 (grupa 2);2L;dr hab. Michał Moc;2;zst;egz;2;2;2;2;4;I;KiTM;poniedziałek, 16:15-17:00, sala 301F, stacjonarnie. e-learning: realizowany indywidualnie wt-sb;"Kontynuacja ""Kształcenia słuchu 1"". Zapis tylko po wcześniejszym ustaleniu z prowadzącym"
Kształcenie słuchu z partyturą orkiestrową;3L;dr hab. Tomasz Kienik;5;zst;egz;2;2;2;2;4;I;KiTM;poniedziałek, 08:50-10:20, sala 301B;Przedmiot rekomendowany studentom kompozycji i teorii muzyki
Kultura i sztuka Baroku na Śląsku 1648-1741;3L;dr Dariusz Galewski;30;zal;zst;2;2;2;2;4;I;KiTM;piątek, 10:05-11:35, sala 001E;
Literatura muzyczna 1;1L;dr Miłosz Kula;15;zst;zst;2;2;2;2;4;I;KiTM;poniedziałek, 13:50-15:20, sala 001E;Od starożytności do XVIII w.
Literatura muzyczna 2;2L;dr Aleksandra Pijarowska, prof. AMKL;2;zst;egz;2;2;2;2;4;I;KiTM;środa, 11:00-12:30, sala 301B;"Kontynuacja ""Literatury muzycznej 1"""
Metodologia pracy naukowej;2L;prof. dr hab. Anna Granat-Janki;2;zst;egz;1;1;1;1;2;I;KiTM;środa, 14:15-15:00, sala 202B;
Metody analityczne w XX i XXI wieku;1M;dr hab. Tomasz Kienik;2;zal;zst;2;2;2;2;4;I;KiTM;czwartek, 10:00-11:30, sala 301B;
Muzyka a humanistyka;2M;dr Katarzyna Bartos;15;zst;egz;2;2;2;3;5;I;KiTM;czwartek, 13:10-14:40, sala 005D;Fakultet dla studentów Wydziału Instrumentalnego.
Muzyka i media;2L;mgr Joanna Kołodziejska;10;zal;zst;1;1;1;1;2;I;KiTM;wtorek, 16:40-18:10, sala 002E, realizacja w podwójnym wymiarze godzin w ustalonych przez prowadzącego terminach;
Muzyka polska XX i XXI wieku;2L;dr Aleksandra Pijarowska, prof. AMKL;2;zst;egz;2;2;2;2;4;I;KiTM;środa, 12:35-14:05, sala 301B;
Muzyka XX i XXI wieku 1;1M;prof. dr hab. Anna Granat-Janki;5;zst;zst;2;2;2;2;4;I;KiTM;środa, 11:00-12:30, sala 202B;
Muzyka XX i XXI wieku 2;2M;dr Katarzyna Bartos;10;zst;egz;2;2;3;3;6;I;KiTM;środa, 13:10-14:40, sala 203B;"Kontynuacja ""Muzyki XX i XXI wieku 1"""
Nowoczesne metody zarządzania zespołem;3L;dr hab. Robert Kurdybacha;15;zst;zst;1;1;1;1;2;I;KiTM;czwartek, 15:15-16:45, sala 301B, realizacja w podwójnym wymiarze godzin w ustalonych przez prowadzącego terminach;
Organizacja życia muzycznego;2L;dr Miłosz Kula;10;zal;zst;1;1;1;1;2;I;KiTM;poniedziałek, 12:00-12:45, sala 001E;
Orkiestra muzyki XX i XXI wieku;wszystkie lata;dr hab. Robert Kurdybacha;b.o.;zal;zal;2;2;3;3;6;I;KiTM;czwartek, 17:00-20:00, Sala Prób 102E, realizacja w podwójnym wymiarze godzin w ustalonych przez prowadzącego terminach;
Paleografia muzyczna;1M;dr Grzegorz Joachimiak;5;zal;zst;2;2;2;2;4;I;KiTM;czwartek, 12:30-14:00, sala 002E;
Podstawy instrumentacji i kompozycji;2L;dr Grzegorz Wierzba;2;zal;zst;1;1;1;1;2;I;KiTM;środa, 09:40-10:25, sala 404B;
Podstawy realizacji nagrań;3L;mgr Kamil Biedrzycki;5;zst;-;2;-;2;-;2;I;KiTM;poniedziałek, 10:30-12:00, sala 112 SKK;
Podstawy reżyserii dźwięku;1M;mgr Kamil Biedrzycki;3;zal;zst;1;1;1;1;2;I;KiTM;poniedziałek, 17:00-20:00, sala 112 SKK, zajęcia w blokach, realizacja w ustalonych przez prowadzącego terminach;"wyłącznie po zrealizowaniu kursu ""Podstawy realizacji nagrań"""
Praktyki orkiestrowe;wszystkie lata;opiekun mgr Jan Bielak;b.o.;zal;zal;1;1;2;2;4;I;KiTM;zajęcia w blokach - terminy ustali prowadzący;
Propedeutyka kompozycji komputerowej;3L;lic. Maciej Michaluk;2;zst;egz;2;2;2;2;4;I;KiTM;środa, 12:30-14:00, 112 SKK;
Propedeutyka muzyki teatralnej i filmowej;3L;dr Michał Ziółkowski mgr Ignacy Wojciechowski;2;zst;egz;2;2;2;2;4;I;KiTM;wtorek, 12:15-13:45, sala 112 SKK;
Psychologia twórczości;2L;dr Amelia Golema;5;zal;zst;2;2;2;2;4;I;KiTM;czwartek, 10:00-11:30, 217A;
Publicystyka muzyczna;2M;mgr Joanna Kołodziejska;10;zst;egz;2;2;3;3;6;I;KiTM;środa, 11:30-13:00, sala 005D;
Techniki kompozytorskie w XX i XXI wieku;2L;dr Mateusz Ryczek;2;zst;egz;2;2;2;2;4;I;KiTM;czwartek, 08:25-09:55, sala 112 SKK;
Technologia muzyki teatralnej i filmowej ;2M;dr hab. Sebastian Ładyżyński;7;zst;egz;2;2;2;2;4;I;KiTM;wtorek, 09:00-12:00, sala 301B,  realizacja w podwójnym wymiarze godzin w ustalonych przez prowadzącego terminach;
Technologia muzyki komputerowej 1;1M;dr Marcin Rupociński;2;zst;zst;2;2;3;3;6;I;KiTM;wtorek, 09:00-12:00 sala 112 SKK, realizacja w podwójnym wymiarze godzin w ustalonych przez prowadzącego terminach;
Technologia muzyki komputerowej 2;2M;dr Marcin Rupociński;2;zst;egz;2;2;2;2;4;I;KiTM;wtorek, 09:00-12:00 sala 112 SKK, realizacja w podwójnym wymiarze godzin w ustalonych przez prowadzącego terminach;"Kontynuacja ""Technologii muzyki kumputerowej 1"""
Translatorium specjalistyczne języka angielskiego;2M;mgr Aleksandra Ferenc;8;zst;zst;1;1;1;1;2;I;;czwartek, 10:00-11:30, sala 201F, co dwa tygodnie;
Wielkie formy muzyczne;2M;dr Aleksandra Pijarowska, prof. AMKL;15;zst;egz;2;2;2;2;4;I;KiTM;środa, 09:25-10:55, sala 301B;
Wprowadzenie do teorii muzyki;1L;dr hab. Tomasz Kienik;10;zst;egz;1;1;4;4;8;I;KiTM;czwartek, 09:05-09:50, sala 301B;
Arteterapia;2L;dr Katarzyna Turek;8;zal;zst;2;2;2;2;4;I;Mt;wtorek, 11.25-12.55, sala 201F;
Terapia ruchem i tańcem;3L;dr Agnieszka Zygmont;2;zst;egz;1;1;1;1;2;I;Mt;poniedziałek, 9.30-11.00, Ul. Ciepła 15B;wykład
Podstawy harmonii;2L;mgr Aleksandra Ferenc;4;zal;zst;1;1;1;1;2;I;Mt;czwartek, 8.15-9.00, sala 203 B, grupa II 9.05-9.50;Dla studentów, którzy nie ukończyli szkoły muzycznej II stopnia
Historia muzykoterapii z literaturą muzyczną;1L;dr Klaudia Kukiełczyńska-Krawczyk;12;zst;zst;2;2;2;2;4;I;Mt;środa, 11.20 - 12.50, sala 305 F;
Instrumentarium Orffa w muzykoterapii;1L;dr Klaudia Kukiełczyńska-Krawczyk;12;zal;zst;1;1;1;1;2;I;Mt;środa, 10.30-11.15, sala 305 F;
Kontrapunkt;3L;mgr Jan Bielak;12;zal;zst;1;1;2;2;4;I;Mt;środa, 13.15-14.00, sala 201 F;
Metody i techniki muzykoterapii;2L;dr Daniela Colonna-Kasjan;3;zal;zst;1;1;1;1;2;I;Mt;czwartek, 8.20-9.05, sala 305 F, grupa II 9.10-9.55;
Metody i techniki parateatralne;1L;mgr Wiktoria Łukowicz-Zając;10;zal;zst;2;2;2;2;4;I;Mt;środa, 14.00-15.30, sala 305 F;
Metody i techniki relaksacyjne;2L;dr Agnieszka Zygmont;;zal;zst;1;1;1;1;2;I;Mt;poniedziałek, 8.00-9.30, grupa I i II, ul. Ciepła 15B;
Muzykoterapia kreatywna ;1M;dr Klaudia Kukiełczyńska-Krawczyk;12;zal;zst;2;2;2;2;4;I;Mt;wtorek, 15.00-16.30, sala 201 F;
Pedagogika specjalna;1L;dr hab. Barbara Winczura;16;zst;zst;2;2;2;2;4;I;Mt;środa, 8.30-10.00, sala 217 A;
Podstawy anatomii i fizjologii;1L;mgr Katarzyna Koenig;12;zal;zst;2;2;2;2;4;I;Mt;czwartek, 13.30-15.00, sala 201 F;
Podstawy kompozycji i instrumentacji;2L;mgr Olgierd Juzala-Deprati (doktorant);2;zal;zst;1;1;2;2;4;I;Mt;środa 14.15-15.00, sala 201 F;Dla studentów, którzy nie ukończyli szkoły muzycznej II stopnia
Podstawy kształcenia słuchu;1L;mgr Joanna Kołodziejska;4;zal;zst;1;1;1;1;2;I;Mt;piątek, 11.40-12.25, sala 201 F, grupa 2 12.25-13.20;Dla studentów, którzy nie ukończyli szkoły muzycznej II stopnia
Profilaktyczne zastosowanie muzykoterapii;1M;mgr Angelika Wojciechowska;10;zal;zst;1;1;1;1;2;I;Mt;poniedziałek, 14:10-14:55, sala 305 F, grupa 2 15:00-15:45 ;
Psychiatria;2L;dr E. Trypka, prof. UMW;10;zst;egz;2;2;2;2;4;I;Mt;czwartek, 10.30 - 12.30, Klinika Psychiatrii, Wyb. Pasteura 10, co 2 tygodnie;zajęcia będą osbywać się w październiku i listopadzie
Psychologia kliniczna ;2L;dr Barbara Kobusińska;12;zst;egz;2;2;2;2;4;I;Mt;poniedziałek, 8.00-9.30, sala 201 F;
Psychologia muzyki;2M;dr Amelia Golema;8;zst;egz;1;1;1;1;2;I;Mt;wtorek, 12.05-13.35, sala 217 A;wykład
Psychologia ogólna;1L;mgr Wojciech Bartnicki;4;zal;zst;2;2;2;2;4;I;Mt;czwartek, 8.00-9.30, sala 002B;
Psychoterapia;2L;dr Barbara Kobusińska;12;zal;zst;2;2;2;2;4;I;Mt;poniedziałek, 9.35-11.05, sala 201 F;
Rehabilitacja;2L;mgr Arnold Górka;12;zal;zst;2;2;2;2;4;I;Mt;poniedziałek, 13.45-15.15, sala 201 F;
Wprowadzenie do analizy dzieła muzycznego;2L;mgr Aleksandra Ferenc;2;zal;zst;1;1;1;1;2;I;Mt;czwartek, 10.00-11.30, sala 201 F,  co 2 tygodnie;Dla studentów, którzy nie ukończyli szkoły muzycznej II stopnia
Wprowadzenie do historii muzyki;1L;mgr Joanna Kołodziejska;12;zst;zst;2;2;2;2;4;I;Mt;poniedziałek, 12.10-13.40, sala 201 F;Dla studentów, którzy nie ukończyli szkoły muzycznej II stopnia
Zespół kameralny w muzykoterapii;1M;mgr Olgierd Juzala-Deprati (doktorant);10;zal;zst;1;1;1;1;2;I;Mt;środa 15.05-15.50, sala 201 F;
Badania naukowe muzycznej praktyki wykonawczej;1-3L;dr Maria Brzuchowska;20;zal;zal;1;1;2;2;4;II;Inst ;piątek, 13:00-13:45, sala 217A;
Trening twórczego myślenia;1-3L;mgr o. Wojciech Bartnicki;15;zst;zst;2;2;2;2;4;II;Inst ;środa, 10:30-12:00, sala 203F;
MP3 – Muzyczne pogotowie – trema, kryzys tożsamość;L/M;dr Amelia Golema/mgr Małgorzata Kramarz;16;zst;zst;2;2;2;2;4;II;Inst; środa, 10:30-12:00, sala 217A, grupa II: 12:00 - 13:30;
Etyka;L/M;mgr o. Wojciech Bartnicki;30;zal;zst;2;2;2;3;5;II;Inst ;środa, 12:15-13:45, sala 001E;
Historia filozofii;1-3L;mgr o. Wojciech Bartnicki;30;zal;zst;2;2;2;2;4;II;Inst ;środa, 14:00-15:30, sala 001E;
Orkiestra symfoniczna;L/M;dr hab. Bassem Akiki;50;zst;zst;3;3;2;2;4;II;Inst ;według planu projektu orkiestrowego; Punkty ECTS za jeden projekt. W wyjątkowych przypadkach i po konsultacji z Dziekanem - przedmiot możliwy do wyboru również dla studentów Wydziału II
Próby sekcyjne (tylko dla osób grających w Orkiestrze Symfonicznej);L/M;w zależności od sekcji;50;zst;zst;0,5;0,5;0,5;0,5;1;II;Inst ;; za jeden projekt
Orkiestra kameralna;L/M;dr Zbigniew Szufłat;10;zst;zst;3;3;2;2;4;II;Inst ;wtorek, 18:00 - 21:00, sala kameralna,  czwartek 18:00 - 21:00; Punkty ECTS za jeden projekt. W wyjątkowych przypadkach i po konsultacji z Dziekanem - przedmiot możliwy do wyboru również dla studentów Wydziału II
Orkiestra dęta;L/M;dr Piotr Bugaj;40;zst;zst;3;3;2;2;4;II;Inst ;środa, 15:00 - 19:30, sala 102 E; Punkty ECTS za jeden projekt. W wyjątkowych przypadkach i po konsultacji z Dziekanem - przedmiot możliwy do wyboru również dla studentów Wydziału II
Orkiestra barokowa;L/M;dr Paweł Miczka;20;zst;zst;3;3;3;3;6;II;Inst ;do uzgodnienia ; za jeden projekt
Zespół kameralny (duet);L/M;Pedagodzy Wydziału Instrumentalnego;2-5;ekm;ekm;1;1;2;2;4;II;Inst ;do uzgodnienia z pedagogiem;W wyjątkowych sytuacjach, za zgodą Dziekana
Zespół kameralny (trio, kwartet, kwintet);L/M;Pedagodzy Wydziału Instrumentalnego;2-5;ekm;ekm;2;2;4;4;8;II;Inst ;do uzgodnienia z pedagogiem;W wyjątkowych sytuacjach, za zgodą Dziekana
Chór im. S. Krukowskiego;L/M;mgr Magdalena Wojtas;60;zst;zst;3;3;3;3;6;II;Inst ;środa, 15:15-17:30, sala 001B;
Analiza materiałów źródłowych;2L;dr Grzegorz Joachimiak;10;zst;egz;2;2;2;2;4;II;Inst ;wtorek, 10:00 - 11:30, sala 217A;
Problemy wykonawcze muzyki dawnej;1M;dr Grzegorz Joachimiak;20;zal;zal;1;1;1;1;2;II;Inst ;wtorek, 9:00 - 9:45, sala 217A;
Budowa i strojenie instrumentów;1-3L;mgr Kazimierz Pyzik;10;zal;zal;1;1;1;1;2;II;Inst ;;do uzgodnienia z pedagogiem
Język niemiecki (B1/B2);L/M;mgr Marcin Marek;7;zst;egz;2;2;2;2;4;II;Inst ;;Grupa do uzgodnienia z prow. zajęcia w zależności od poziomu języka. zapisy odbędą się 2.10.2023r. w godz. 12:15-14:30 w sali 114A 
Język włoski (B1/B2);L/M;mgr Anna Karaś;4;zst;egz;2;2;2;2;4;II;Inst ;środa, 8:55-10:25, sala 204F;oferta skierowana do studentów wykazujących się znajomością języka na poziomie B2, zapisy odbędą się dnia 4.10.2023r. w godz. 13:45-14:15 w sali 204F
Praca nad plastyką ciała z elementami tańca;1/2L;mgr Elżbieta Lejman-Krzysztyniak;2;zst;zst;2;2;1;1;2;III;;czwartek, 12:45-14:15,, L2 wtorek 12:30-14:00;
Pantomima;1L;mgr Agnieszka Kulińska;4;zst;egz;2;2;1;1;2;III;;wtorek, 14:30-16:00, sala 204E, 16:00-17:30 gr.II;
Etiudy sceniczna;1L;mgr Aleksandra Dytko-Masztalska;4;zst;zst;2;2;1;1;2;III;;czwartek, 14:30-16:00, sala 301A;
Etiudy sceniczna;2L;mgr Aleksandra Dytko-Masztalska;4;zst;egz;2;2;1;1;2;III;;środa, 14:00-15:30, sala 301A, 15:30-17:00 gr.II.;
Specjalistyczna literatura pieśniarska i oratoryjno kantatowa;2L;mgr Karolina Gołębiowska;2;zst;egz;2;2;2;2;4;III;;wtorek, 9:00-10:30, sala 002E;
Specjalistyczna literatura pieśniarska i oratoryjno kantatowa;3L;mgr Karolina Gołębiowska;2;zst;egz;2;2;2;2;4;III;;czwartek, 9:00:15-10:30, sala 002E;
Zarys stylistyki muzyki dawnej;3L;dr hab. Olga Ksenicz;4;zst;egz;1;1;1;1;2;III;;wtorek, 14:35-15:20, sala 002E;
Ilustracja muzyczna - praca w klasie akompaniamentu;1M;koordynacja przedmiotu - prof. AMKL dr hab Anna Gągola;;zal;zal;0,5;0,5;1;1;2;III;;;
Specjalistyczna literatura operowa;1M;mgr Karolina Gołębiowska;4;zst;egz;2;2;2;2;4;III;;,10:40-12:10, sala 002E;
Sceny aktorskie;1M;mgr Aleksandra Dytko;2;zst;egz;2;2;1;1;2;III;;wtorek, 10:00-11:30, sala 301A, 11:30-13:00 gr II;
Łacina ;1M;dr Bogusława Frontczak;6;zst;zst;1;1;1;1;2;III;;piątek, 13:15-14:00, on-line;
Retoryka i zdobnictwo;1M;dr hab. Olga Ksenicz;2;x;zst;x;2;x;2;2;III;;wtorek, 13:00-14:30,;
Zespoły wokalno-instrumentalne;1/2M;prof. dr hab. Andrzej Kosendiak/mgr Adrianna Gołos;;zst;zst;3;3;4;4;8;III;;poniedziałek, 14:00-16:15, sala 203F;wymagana akceptacja Kierownika Katedry Wokalistyki i pedagoga prowadzącego przedmiot
Chorał gregoriański;1M;mgr Łukasz Czartowski;4;zst;egz;1;1;1;1;2;III;;wtorek, 12:00-12:45, sala 203F;
Temperacje historyczne;2M;dr hab. Tomasz Głuchowski;4;zst;x;2;x;1;x;1;III;;poniedziałek, 9:30-11:00, sala 103/104A;
Analiza dzieła muzycznego 1 (grupa 1);1L;dr Agnieszka Zwierzycka;4;zst;zst;2;2;2;2;4;IV;;czwartek, 13.05-14.35, sala 001F;
Analiza dzieła muzycznego 1 (grupa 2);1L;dr Agnieszka Zwierzycka;4;zst;zst;2;2;2;2;4;IV;;czwartek, 14.45-16.15, sala 001F;
Analiza dzieła muzycznego 2;2L;dr Agnieszka Zwierzycka;8;zst;zst;2;2;2;2;4;IV;;środa, 13.00-14.30, sala 001F;
Chorał gregoriański;2L;o.dr R. Tomczak;2;zst;egz;1;1;1;1;2;IV;;poniedziałek, 11.00-11.45, sala 114A;
Chór Feichtinum;wszystkie lata;dr hab. Artur Wróbel, prof. AMKL/ mgr Magdalena Wojtas;b. o.;zst;zst;4;4;4;4;8;IV;;wtorek, 10.30-12.00, sala 102E, środa 10.30-12.00;
Chór Kameralny;wszystkie lata;prof. dr hab. Jolanta Szybalska-Matczak/wykł. Kacper Kubiak;b. o.;zst;zst;4;4;4;4;8;IV;;poniedziałek, 18.00-19.30, sala 001B, środa 18.00-19.30;
Diagnoza potrzeb w środowiskach lokalnych;1L;mgr A. Szymańska;6;-;zst;-;1;-;2;2;IV;;czwartek, 11.15-12.00, sala 114A;
Folklor;3L;dr Agnieszka Zwierzycka;3;zal;zst;1;1;1;1;2;IV;;środa, 12.10-12.55, sala 001F;
Komunikacja wizerunkowa i strategie komunikacyjne w mediach;1M;mgr Maciej Wojciechowski;6;-;zst;-;2;-;3;3;IV;;czwartek, 15.00-16.30, sala 101B;
Kontrapunkt;3L;dr Tomasz Kulikowski;2;zst;zst;1;1;1;1;2;IV;;wtorek, 14.00-14.45, sala 101B;
Kształcenie słuchu 1 (grupa 1);1L;wykł. Michał Kanafa;2;zst;zst;2;2;2;2;4;IV;;poniedziałek, 12.00-13.30, sala 001B;
Kształcenie słuchu 1 (grupa 2);1L;prof. dr hab. Ewa Grygar;2;zst;zst;2;2;2;2;4;IV;;wtorek, 12.15-13.45, sala 114A;
Kształcenie słuchu 2 (grupa 1);2L;wykł. Michał Kanafa;2;zst;zst;2;2;2;2;4;IV;;poniedziałek, 13.45-15.15, sala 001B;
Kształcenie słuchu 2  (grupa 2);2L;prof. dr hab. Ewa Grygar;2;zst;zst;2;2;2;2;4;IV;;środa, 8.45-10.15, sala 114A;
Literatura chóralna 1;1M;prof. dr hab. Marta Kierska-Witczak;3;zst;zst;1;1;1;1;2;IV;;czwartek, 10.30-11.15, sala 101B;
Literatura chóralna 2;2M;prof. dr hab. Marta Kierska-Witczak;3;egz;-;1;-;1;-;1;IV;;środa, 12.15-13.00, sala 101B;
Literatura chóralna XX i XXI wieku;1M;wykł. Kacper Kubiak;7;zst;zst;1;1;2;2;4;IV;;poniedziałek, 12.55-13.40, sala 101B;
Literatura chóralna XX i XXI wieku;2M;wykł. Kacper Kubiak;7;zst;egz;1;1;2;2;4;IV;;poniedziałek, 15.30-16.15, sala 101B;
Liturgika;1L;o.dr R. Tomczak;4;zst;egz;2;2;2;2;4;IV;;poniedziałek, 14.00-15.30, sala 114A;
Metody animacji społeczno-kulturalnej 1;1L;mgr A. Szymańska;6;-;zst;-;1;-;2;2;IV;;czwartek, 10.30-11.15, sala 114A;
Metody animacji społeczno-kulturalnej 2;1M;mgr A. Szymańska;6;zst;-;2;-;3;-;3;IV;;czwartek, 8.45-10.15, sala 114A;
Metodyka prowadzenia zespołów;1M;prof. dr hab. Marta Kierska-Witczak;4;zst;egz;2;2;2;2;4;IV;;czwartek, 8.45-10.15, sala 101B;
Orkiestra Smyczkowa Wydziału Edukacji Muzycznej;wszystkie lata;prof. dr hab. Helena Tomaszek-Plewa/ wykł. Michał Kanafa;b. o.;zst;zst;4;4;4;4;8;IV;;poniedziałek, 15.30-17.00, sala 001B,  czwartek 11.30-13.00;
Podstawy animacji społeczno-kulturalnej;1L;mgr A. Szymańska;6;zst;-;2;-;4;-;4;IV;;czwartek, 10.30-12.00, sala 114A;
Podstawy języka łacińskiego;1L;mgr A. Krajczyk;3;zst;zst;1;1;1;1;2;IV;;piątek, 11.45-12.30, sala 001F;
Promocja i marketing dóbr kultury;2M;mgr Joanna Polak;14;zst;zst;2;2;2;2;4;IV;;piątek, 15.00-16.30, sala 001E;
Rytmika;1L;mgr Barbara Ciupidro;4;zal;zst;2;2;1;1;2;IV;;piątek, 8.00-9.30, sala 204E;
Seminarium prelekcji muzycznej;1L;dr Maria Zawartko;3;zal;zst;1;1;1;1;2;IV;;wtorek, 9.30-10.15, sala 101B;
Schola gregoriańska;3L;o.dr R. Tomczak;6;zst;zst;1;1;2;1;3;IV;;poniedziałek, 13.00-13.45, sala 114A;
Specjalistyczne kształcenie słuchu;1M;wykł. Michał Kanafa;4;zst;zst;1;1;2;2;4;IV;;środa, 12.15-13.00, sala 001B;
Śpiew liturgiczny;1L;mgr Włodzimierz Ruciński;6;zst;egz;1;1;1;1;2;IV;;wtorek, 15.00-15.45, sala 114A;
Wiedza o kulturze;1M;wykł. Kacper Kubiak;8;zst;zst;2;2;2;3;5;IV;;poniedziałek, 11.15-12.45, sala 101B;
Wprowadzenie do zbiorowej emisji głosu;1L;prof. dr hab. Agnieszka Franków-Żelazny;8;zst;;2;;1;;1;IV;;poniedziałek, 8.30-10.00, sala 001B;
Wykorzystanie multimediów w edukacji i animacji;1M;mgr Maciej Wojciechowski;6;-;zst;-;1;-;2;2;IV;;wtorek, 15.10-15.55, sala 001F;
Zarządzanie projektami;1M;mgr Maciej Wojciechowski;6;-;zst;-;2;-;3;3;IV;;wtorek, 16.00-17.30, sala 001F;
Zbiorowa emisja głosu z praktyką;2L;mgr Kacper Kubiak;10;zst;zst;2;2;1;1;2;IV;;poniedziałek, 13.50-15.20, sala 101B;
Big-band;L/M;dr Bartosz Pernal;8;zst;zst;3;3;2;2;4;V;Inst ;środa, 12:30 - 14:45, sala -001D;
Produkcja muzyczna;L/M;dr Przemysław Jarosz;4;zal;zst;1;1;1;1;2;V;Inst ;do uzgodnienia z pedagogiem;
Historia muzyki jazzowej z literaturą;L;prof. dr hab. Jacek Meira;5;zst;zst;2;2;2;2;4;V;;wtorek, 11:15-12:45, sala -101D, gr. II 12:45-14:15;